100004207@n,335,1,33733.000
100007313@n,324,1,31500.000
10004031@n,86,1,32400.000
10017164@n,86,1,34839.000
10019630@n,12,1,42800.000
10020545@n,7,2,81379.000
10021075@n,119,1,38700.000
100243222@n,337,1,53147.000
100257260@n,86,1,114000.000
10026056@n,142,1,38700.000
100300081@n,244,1,21000.000
10030095@n,330,1,36500.000
100306896@n,272,1,15400.000
100421153@n,27,4,130400.000
100452834@n,241,1,66600.000
100505918@n,96,1,35000.000
100517264@n,255,1,34408.000
10053939@n,255,1,81400.000
100645308@n,270,1,38900.000
100675503@n,143,1,40800.000
100708943@n,304,1,38500.000
100734020@n,102,1,38700.000
100837048@n,92,1,34000.000
1009483@n,315,1,33100.000
10107654@n,26,1,70800.000
101171490@n,321,1,111500.000
10132999@n,126,1,13900.000
101375905@n,51,1,60600.000
101464729@n,64,1,17900.000
101612530@n,342,1,15900.000
101638761@n,86,1,32400.000
101671853@n,333,1,38800.000
101743829@n,6,2,58979.000
101762375@n,153,1,43400.000
101769535@n,310,1,4500.000
10180298@n,87,1,35000.000
101807621@n,34,3,113990.000
101910033@n,86,1,34200.000
10192047@n,219,1,113500.000
1020340454@g,23,1,15900.000
102050831@n,314,1,15400.000
10210714@n,352,1,85800.000
102110169@n,78,1,39800.000
102142518@n,183,1,49800.000
10214471@n,214,1,38398.000
102165060@n,6,4,88215.000
102188313@n,62,2,75747.000
102210757@n,323,1,30900.000
102239796@n,100,1,15400.000
102369340@n,97,2,69036.000
102429750@n,26,1,101400.000
102468583@n,163,1,8900.000
102544780@n,138,1,38796.000
102608604@n,40,1,38100.000
10263110@n,300,1,19800.000
10263837@n,280,1,35793.000
10265499@n,238,1,13900.000
10269050@n,68,1,67738.000
102721416@n,36,1,16300.000
102814364@n,24,1,15900.000
102831432@n,0,1,50600.000
10302390@n,6,1,65700.000
103095265@n,1,2,80700.000
103118302@n,343,1,34400.000
103127011@n,4,1,16900.000
103199338@n,96,1,103600.000
10323711@n,85,1,30400.000
103298102@n,60,1,50300.000
103376515@n,271,1,34178.000
103380301@n,314,1,40700.000
10341732@n,21,1,40000.000
10348836@n,71,1,153000.000
10349918@n,315,1,35800.000
103555338@n,289,1,16900.000
103841365@n,136,1,16900.000
10386109@n,86,2,68418.000
1038841@n,162,1,16293.000
10392780@n,144,1,30800.000
104003144@n,188,2,64823.000
104047598@n,85,3,120624.000
104091087@n,165,1,35500.000
104166985@n,42,1,42300.000
104177386@n,314,1,110655.000
104222698@n,325,1,46200.000
10424512@n,50,2,68700.000
10425755@n,99,1,41800.000
104388339@n,278,1,13900.000
104388463@n,236,4,114810.000
10439316@n,130,1,26800.000
104402782@n,301,2,32800.000
10442784@n,7,2,85100.000
104470784@n,116,2,68028.000
104520735@n,89,1,34876.000
10457767@n,234,3,98170.000
10461132@n,291,2,154000.000
10474157@n,42,2,57800.000
10482953@n,60,1,40900.000
104994063@n,228,2,72693.000
105072970@n,207,1,38700.000
10517017@n,352,1,36500.000
10520970@n,318,1,30900.000
10539413@n,212,2,43800.000
10558153@n,70,1,41000.000
10569049@n,46,1,12900.000
10576007@n,270,1,44300.000
10580710@n,97,1,31400.000
10594481@n,327,1,30900.000
105996170@n,269,1,38700.000
106040033@n,6,1,54300.000
106114803@n,198,2,64100.000
10638839@n,7,1,49800.000
10639024@n,361,1,14400.000
10640476@n,302,1,29200.000
10640590@n,136,1,39569.000
106512559@n,17,1,40900.000
10653715@n,322,1,160009.000
10661156@n,225,1,36500.000
106694931@n,280,1,39300.000
1067021@n,257,1,34475.000
10671304@n,9,1,31900.000
10671536@n,87,1,35000.000
106755939@n,133,2,29800.000
106798313@n,234,1,35647.000
107136630@n,334,1,38700.000
107176739@n,286,1,33239.000
10722658@n,56,1,39400.000
10724107@n,97,1,16100.000
107261002@n,147,1,35500.000
10732962@n,51,1,62600.000
1074305@n,213,2,33300.000
107454028@n,74,1,43610.000
107601032@n,321,1,30900.000
10768980@n,74,1,17900.000
107915605@n,286,1,38700.000
1080039@n,297,1,52100.000
108118968@n,83,2,49400.000
10814605@n,18,2,78125.000
10817315@n,301,1,31643.000
10826489@n,131,1,41400.000
108291950@n,119,1,36400.000
108304649@n,53,1,30800.000
10832841@n,97,2,147567.000
10835930@n,59,1,38800.000
108418145@n,29,1,41900.000
1085567@n,126,1,113500.000
108581747@n,319,1,27901.000
108599547@n,145,1,28700.000
108779015@n,96,2,161485.000
10879592@n,214,2,78799.000
10887716@n,214,1,39125.000
109021891@n,140,1,38200.000
109173297@n,91,1,36000.000
109293609@n,14,2,59600.000
109328480@n,84,2,164916.000
10934190@n,345,1,35500.000
109461252@n,339,1,38700.000
109562494@n,87,3,43899.000
109581460@n,362,1,40300.000
109597285@n,21,1,17900.000
10962397@n,12,1,38900.000
109771552@n,322,1,85700.000
109794590@n,357,1,15400.000
10986075@n,176,1,47300.000
109892208@n,328,1,32900.000
109999518@n,326,1,57900.000
11002687@n,364,1,32800.000
110073769@n,51,1,29800.000
110257048@n,106,1,68600.000
11030245@n,211,2,34800.000
11032535@n,211,1,40700.000
11042265@n,101,1,38900.000
11064764@n,199,1,38900.000
110771920@n,76,1,40900.000
110787547@n,107,1,35600.000
11083633@n,157,1,40700.000
110903312@n,298,1,15400.000
110976590@n,266,1,40700.000
111216573@n,149,1,38800.000
111229290@n,28,2,34800.000
11126263@n,79,1,45900.000
111286578@n,121,1,33200.000
11131171@n,109,1,15400.000
111353133@n,141,1,17400.000
11146372@n,235,1,110455.000
11149078@n,127,1,38700.000
111579067@n,324,1,35436.000
111676180@n,146,1,15400.000
111690753@n,195,1,36900.000
11170739@n,96,1,33200.000
111717529@n,52,1,38800.000
11176372@n,319,1,30900.000
111807439@n,7,1,42800.000
11186233@n,322,1,30900.000
11199275@n,66,1,40000.000
11200591@n,325,1,44700.000
112018990@n,84,1,15200.000
11202080@n,208,1,29800.000
112075833@n,8,1,40900.000
11212291@n,109,2,48300.000
112145980@n,103,1,38700.000
112256518@n,279,1,13900.000
112407895@n,81,1,14500.000
112415436@n,19,1,30800.000
112555290@n,189,1,38700.000
11257541@n,314,1,41100.000
112603393@n,96,1,33400.000
11260595@n,3,1,103000.000
112633192@n,1,1,147000.000
11269919@n,104,1,15400.000
11277338@n,32,1,41000.000
112799188@n,223,1,13500.000
11285800@n,70,2,80248.000
112898034@n,298,1,50900.000
113207167@n,52,1,28900.000
11328873@n,262,1,30196.000
113540362@n,30,1,16900.000
113641524@n,30,1,40900.000
113745432@n,64,1,78800.000
113792127@n,112,1,32800.000
11384980@n,270,1,42300.000
11385306@n,253,1,28800.000
114177924@n,2,4,100670.000
11419434@n,8,1,15900.000
114213160@n,6,1,68800.000
114227439@n,82,1,38800.000
114295616@n,328,1,19300.000
11439082@n,19,1,16900.000
114412953@n,349,1,30900.000
11450547@n,219,1,40700.000
114614855@n,170,1,15400.000
114681825@n,75,1,16900.000
114749703@n,364,1,51600.000
114778318@n,284,1,17400.000
11490034@n,125,1,38700.000
115096374@n,110,1,18800.000
115143500@n,294,1,38700.000
11533530@n,76,1,40622.000
115357830@n,89,2,73576.000
115441330@n,18,1,16900.000
11548134@n,0,1,31900.000
11550150@n,204,1,76400.000
115523147@n,328,1,13900.000
115638879@n,299,1,38700.000
115644916@n,25,1,79800.000
115775788@n,270,1,36900.000
115827749@n,289,2,65070.000
11586488@n,266,1,85200.000
115989990@n,321,1,39900.000
116031755@n,145,1,38268.000
116084616@n,152,1,38800.000
11613249@n,49,2,64197.000
116133012@n,325,1,11900.000
11621575@n,98,1,38700.000
11631865@n,42,2,83600.000
116387459@n,184,1,36900.000
116393756@n,204,1,113500.000
116485247@n,324,1,42700.000
116503578@n,168,1,38700.000
116507304@n,319,1,25800.000
116520103@n,139,2,80992.000
11653388@n,183,1,37363.000
116584243@n,124,1,47900.000
11666974@n,49,1,60600.000
116749137@n,340,1,36900.000
116794113@n,109,3,46544.000
11680220@n,173,1,39539.000
11683024@n,240,1,15900.000
11690433@n,266,2,68919.000
116928624@n,86,1,113002.000
11697571@n,86,1,35000.000
117003480@n,215,1,40000.000
117060571@n,63,2,77326.000
117139043@n,49,1,13900.000
117160900@n,76,2,46300.000
117315275@n,114,3,99284.000
117320027@n,7,2,33300.000
11732536@n,83,1,53400.000
11733115@n,21,2,31800.000
11744644@n,96,1,34200.000
11749639@n,84,1,35000.000
117602408@n,315,1,75600.000
11771663@n,99,1,38700.000
11776555@n,96,1,73800.000
117826420@n,152,1,36900.000
11789314@n,64,1,40000.000
118002574@n,18,6,179732.000
11817448@n,120,1,38700.000
118315241@n,335,1,36900.000
11843313@n,232,1,70800.000
118495287@n,333,1,34485.000
11850925@n,42,1,14900.000
118767825@n,13,1,15900.000
118836294@n,231,1,40700.000
11884441@n,139,2,35200.000
119027211@n,4,1,41700.000
119106205@n,12,1,41900.000
11912022@n,232,1,38700.000
119156941@n,98,1,15400.000
119216770@n,152,1,38700.000
1194789@n,6,1,51600.000
1194834@n,85,1,33200.000
119500749@n,42,1,37000.000
11964246@n,41,1,37100.000
11969396@n,363,1,27800.000
119802548@n,77,1,30100.000
119935284@n,56,1,38800.000
12007802@n,155,3,121666.000
120136480@n,339,1,38700.000
12021573@n,84,3,204295.000
12028179@n,90,1,35000.000
120285314@n,138,1,15900.000
12038353@n,161,2,56100.000
12040830@n,189,1,114468.000
120419615@n,224,1,39268.000
12049956@n,80,1,30800.000
12067035@n,348,1,14400.000
120705752@n,219,1,27682.000
12070635@n,6,1,16900.000
120831045@n,69,2,87800.000
12084251@n,9,1,40900.000
120859246@n,72,1,40900.000
120859707@n,348,1,15400.000
120951946@n,268,1,38700.000
12138925@n,364,1,42600.000
121460623@n,67,1,30300.000
12149273@n,260,1,38700.000
121505209@n,28,1,29800.000
121534794@n,149,1,111090.000
12156188@n,84,1,34200.000
1215886@n,28,2,72900.000
121670063@n,84,3,142122.000
1217315987@g,91,1,141800.000
12179609@n,253,1,31492.000
122014449@n,259,1,64400.000
12203735@n,7,1,41900.000
12220557@n,318,1,13900.000
122265125@n,96,1,81400.000
12237890@n,166,1,40700.000
12238947@n,70,1,31900.000
12250688@n,269,1,112225.000
122557182@n,5,1,79100.000
12279308@n,269,1,38900.000
12291208@n,33,1,16900.000
12313222@n,315,1,23800.000
123132949@n,308,1,36500.000
123213524@n,215,1,28800.000
123284026@n,114,1,36900.000
123295961@n,307,1,34344.000
12339917@n,13,1,61800.000
123412881@n,158,1,38534.000
123476900@n,118,2,75229.000
123499296@n,295,1,15400.000
123545494@n,252,3,76510.000
12368804@n,148,1,38800.000
124048580@n,138,2,73007.000
124106074@n,216,1,23300.000
12412052@n,154,1,39288.000
12415665@n,84,1,34200.000
12416623@n,280,1,35500.000
124310074@n,41,1,40900.000
124450333@n,251,2,111011.000
124544599@n,125,2,91007.000
124661357@g,93,1,33200.000
12501797@n,194,1,64285.000
125048420@n,127,1,30900.000
125144635@n,183,1,38700.000
125205887@n,158,1,38700.000
125259035@n,81,1,30100.000
125277615@n,70,1,67800.000
12535148@n,174,2,53439.000
125411188@n,39,1,16300.000
125630286@n,83,1,32113.000
12566014@n,84,1,114000.000
125765944@n,336,1,31900.000
12578994@n,334,1,17400.000
12581389@n,296,1,36900.000
125855565@n,287,2,30913.000
125929061@n,363,1,40400.000
12627679@n,33,1,40900.000
12628260@n,144,1,48600.000
126283213@n,153,2,51871.000
126288615@n,185,1,37000.000
12636896@n,275,1,38500.000
12643408@n,46,3,49700.000
12648618@n,218,2,72688.000
12654892@n,315,1,141660.000
12661846@n,57,1,52700.000
126865340@n,11,2,32800.000
12686888@n,202,1,45139.000
12689520@n,42,2,80600.000
1270020@n,210,1,70400.000
12700611@n,166,2,87005.000
12705259@n,20,1,86800.000
12713052@n,315,1,35800.000
127183624@n,13,1,15900.000
127230816@n,71,1,37334.000
12724702@n,78,1,40900.000
127258645@n,87,1,34200.000
127260993@n,13,1,70800.000
12728389@n,132,1,35500.000
127284223@n,25,1,48800.000
127307467@n,25,1,16900.000
127335869@n,362,1,17400.000
127389177@n,209,3,128351.000
127468820@n,98,1,41800.000
12748594@n,59,1,206600.000
12762673@n,84,3,165679.000
127760245@n,38,2,51000.000
12783013@n,293,1,35117.000
127853862@n,98,2,69662.000
127924665@n,327,1,32900.000
127962420@n,335,2,52400.000
12808518@n,330,1,41434.000
128178833@n,39,2,162300.000
12831548@n,267,1,34400.000
128510015@n,14,1,98000.000
12862970@n,27,2,72992.000
12872331@n,182,1,41046.000
12872360@n,78,1,137500.000
129038146@n,124,2,73366.000
12924511@n,14,2,64669.000
129495991@n,315,1,30500.000
129503690@n,56,1,40900.000
129546760@n,312,1,15400.000
12978463@n,314,1,31500.000
129897633@n,258,1,29900.000
13014880@n,362,1,12900.000
130228836@n,74,1,40900.000
130426517@n,77,1,14500.000
13062403@n,209,2,149879.000
13067452@n,22,1,38800.000
13070093@n,12,1,16900.000
13079960@n,0,1,15900.000
130801141@n,158,2,69038.000
130981262@n,6,1,34700.000
131000296@n,14,1,37900.000
131011917@n,360,1,41000.000
13104793@n,83,1,73400.000
131089228@n,50,1,28900.000
13113315@n,138,1,38700.000
13115246@n,353,1,35500.000
13116551@n,85,1,115000.000
131301621@n,257,1,36676.000
13148804@n,37,2,64991.000
131517427@n,196,3,349644.000
131577697@n,111,1,45600.000
131664504@n,27,1,40000.000
13168722@n,166,1,36500.000
13177466@n,135,2,69071.000
13180461@n,68,1,29300.000
13206936@n,147,1,37625.000
1320859@n,28,1,40900.000
132110283@n,121,2,34700.000
132129579@n,13,1,38900.000
13214968@n,328,1,30900.000
13215815@n,34,1,16900.000
13218579@n,249,1,41800.000
132316642@n,327,1,13900.000
13242893@n,349,1,14400.000
132571693@n,64,1,40900.000
132582498@n,3,1,92600.000
13258675@n,346,1,36900.000
13264260@n,21,2,78439.000
132658364@n,185,1,39514.000
13268630@n,110,1,36900.000
132763414@n,4,1,31900.000
132779479@n,94,2,33457.000
132899084@n,24,1,40000.000
132956468@n,349,1,13900.000
13295881@n,226,1,30327.000
133031391@n,103,1,35500.000
133052998@n,90,3,104825.000
133161880@n,97,1,43600.000
13322127@n,183,1,40700.000
13349162@n,279,1,38700.000
133558420@n,25,1,16900.000
13357861@n,87,1,35000.000
13373323@n,87,1,114000.000
133770306@n,330,1,15807.000
13382943@n,230,1,36900.000
134149431@n,317,2,125400.000
134211100@n,355,1,41800.000
13428427@n,32,4,68804.000
134295445@n,349,1,36500.000
13430127@n,216,1,38700.000
13446161@n,175,1,37793.000
13471831@n,263,1,36900.000
134774364@n,299,1,15900.000
13481039@n,126,1,35500.000
134816627@n,127,1,66600.000
134843809@n,65,1,40900.000
134876148@n,354,1,64800.000
134954383@n,4,1,40900.000
135067811@n,55,1,50700.000
13507560@n,160,1,13900.000
135232801@n,109,1,35500.000
135270031@n,55,3,149366.000
13532632@n,32,1,48800.000
135365436@n,14,1,31900.000
135459836@n,48,1,12900.000
135519178@n,19,2,76200.000
13554247@n,177,1,76000.000
135557535@n,3,2,179308.000
135720938@n,181,1,38900.000
135781315@n,327,1,30900.000
135788394@n,168,1,38700.000
13586854@n,40,2,52300.000
13587421@n,334,1,35766.000
135878494@n,83,1,35000.000
135995245@n,68,2,33800.000
13600101@n,323,1,30900.000
13619121@n,162,1,114204.000
136193878@n,98,1,38700.000
13624582@n,271,1,15613.000
1362524@n,314,1,38700.000
136265885@n,315,2,39200.000
13626843@n,61,1,41900.000
1362777641@g,94,1,35000.000
13628355@n,292,1,36733.000
136289529@n,30,1,40900.000
13633004@n,128,1,37800.000
136537678@n,41,1,15239.000
13654035@n,175,1,35738.000
136555056@n,96,1,28800.000
13655748@n,194,1,38800.000
13655928@n,34,1,50500.000
13660625@n,197,2,78800.000
13673706@n,49,1,14900.000
136752807@n,84,1,69400.000
136855625@n,63,3,99455.000
136861037@n,221,1,38700.000
136889191@n,139,2,32300.000
13690766@n,24,1,40900.000
136957667@n,142,2,51221.000
136992382@n,224,1,38700.000
137020848@n,35,2,54036.000
137044510@n,82,1,40000.000
137082947@n,285,1,35500.000
137201742@n,95,1,38800.000
137242694@n,85,1,69200.000
13726715@n,314,1,40681.000
13727967@n,104,1,40300.000
137403993@n,152,1,28300.000
137441407@n,318,1,34800.000
137447813@n,96,1,35000.000
137501497@n,63,2,77439.000
137535711@n,42,1,40900.000
13755125@n,62,2,65700.000
13768736@n,62,1,40000.000
13771115@n,108,1,41800.000
138056988@n,28,1,52700.000
13810583@n,7,1,40900.000
13824544@n,146,1,38700.000
138279308@n,10,1,31900.000
138499477@n,243,2,132800.000
13869810@n,247,1,66800.000
13874854@n,69,1,16400.000
13874880@n,321,1,24800.000
138789710@n,271,1,34400.000
138930672@n,134,1,61300.000
13895610@n,229,1,38700.000
138958827@n,248,1,70400.000
13902102@n,315,1,39600.000
13913115@n,20,3,113593.000
139205768@n,39,1,36900.000
13929420@n,132,1,40700.000
13930489@n,168,1,37090.000
13935375@n,168,1,50900.000
13936871@n,221,1,36900.000
139607445@n,74,1,31500.000
139612677@n,315,1,23800.000
139640035@n,364,1,36400.000
13966661@n,20,1,49200.000
13968006@n,346,1,35500.000
139721373@n,146,2,77463.000
139739215@n,327,1,33700.000
139748004@n,160,1,38700.000
13977243@n,320,2,69245.000
140063023@n,24,1,87700.000
14029488@n,5,3,114379.000
14047335@n,124,1,36500.000
140571221@n,322,1,14583.000
14071047@n,110,1,13900.000
140987272@n,327,1,30900.000
141011993@n,303,1,38700.000
141055456@n,282,2,72800.000
14110107@n,106,2,76239.000
141133546@n,302,1,41200.000
141286148@n,81,2,83600.000
14133803@n,96,1,36000.000
14146194@n,189,1,75800.000
141511397@n,125,1,52600.000
14210535@n,6,1,31900.000
14215057@n,155,1,115500.000
14228024@n,120,1,28900.000
14230756@n,19,1,76800.000
14247415@n,299,1,38900.000
14247991@n,305,1,38700.000
14249202@n,153,1,41400.000
142540281@n,98,1,38700.000
14256448@n,2,1,16900.000
14259471@n,270,1,36941.000
142657004@n,98,1,38700.000
14281272@n,152,1,29900.000
142815117@n,19,1,81000.000
14285281@n,156,1,36400.000
14288213@n,99,1,29414.000
14294762@n,142,1,28300.000
14296928@n,138,2,77600.000
142998251@n,225,1,37847.000
14312415@n,327,1,12800.000
14329121@n,44,1,40000.000
14332140@n,317,1,82700.000
143398110@n,80,1,31400.000
14352571@n,357,1,38700.000
14364942@n,358,1,38700.000
14388720@n,42,1,49700.000
14395281@n,334,1,37198.000
14399530@n,258,2,55700.000
14404472@n,102,1,63500.000
14406356@n,349,1,38700.000
14421349@n,327,1,35800.000
144228589@n,353,1,40700.000
144367694@n,80,1,14500.000
14456481@n,13,2,64168.000
144661890@n,155,1,66400.000
144689793@n,202,1,28900.000
144917766@n,348,1,35900.000
1449739@n,23,1,70800.000
14498744@n,13,1,66870.000
14503047@n,328,1,40100.000
14525893@n,11,1,42300.000
14530654@n,48,3,88268.000
14537647@n,224,1,28900.000
14542907@n,185,2,74098.000
14543044@n,322,1,81539.000
14544932@n,340,1,17400.000
14558905@n,174,2,31300.000
145597389@n,0,1,38800.000
14565604@n,163,1,38700.000
14568181@n,355,1,22300.000
14581395@n,344,1,40300.000
14587688@n,274,3,83960.000
145936328@n,40,1,26800.000
1459555@n,83,1,34200.000
14611723@n,42,1,40900.000
146184423@n,55,1,14900.000
146186873@n,322,1,30900.000
14621403@n,56,1,15900.000
14630275@n,55,1,16900.000
146334870@n,82,1,40000.000
14640499@n,55,1,38900.000
14640657@n,1,1,40900.000
146523203@n,214,1,47900.000
14663324@n,50,1,13900.000
14677980@n,87,1,35000.000
14682004@n,313,1,42645.000
14693019@n,98,1,69700.000
14696217@n,270,1,37393.000
147092606@n,87,1,34200.000
14719007@n,224,1,38900.000
147333182@n,112,1,37337.000
147401943@n,42,2,57700.000
14751774@n,46,1,13900.000
14769913@n,346,1,38700.000
147734476@n,44,1,40900.000
147743467@n,102,1,40300.000
14796075@n,313,1,36900.000
14802408@n,96,1,16100.000
14806618@n,214,1,31500.000
14816740@n,301,1,39479.000
14821687@n,86,1,114000.000
14841743@n,252,1,43800.000
148450035@n,196,1,38700.000
1485261@n,35,1,37100.000
1486050@n,210,1,35400.000
14878212@n,356,1,38700.000
148865021@n,89,1,7800.000
148944339@n,84,1,35000.000
14904497@n,327,1,44800.000
14912886@n,65,1,49300.000
14918789@n,354,1,34400.000
14941598@n,96,1,35000.000
149476668@n,84,1,34200.000
14948164@n,33,1,40900.000
14970352@n,204,1,38700.000
14972909@n,88,1,35000.000
14978048@n,299,1,36400.000
14978846@n,70,2,86550.000
149813083@n,90,1,32400.000
149824742@n,330,1,37521.000
149847959@n,105,1,15900.000
150108105@n,82,1,30100.000
15014428@n,56,1,81700.000
15018369@n,159,1,37500.000
150233623@n,190,1,47300.000
150240235@n,0,2,47300.000
15028304@n,330,1,36900.000
150343854@n,154,1,29900.000
150347623@n,36,1,70400.000
15047249@n,215,1,36900.000
150516299@n,24,2,134496.000
150610640@n,347,1,47900.000
15069210@n,64,1,37900.000
150734483@n,99,1,15400.000
15076461@n,180,2,61000.000
15089633@n,210,1,37279.000
150980512@n,349,1,15400.000
15103283@n,126,1,38700.000
15105658@n,235,1,28900.000
151086725@n,209,2,62086.000
15116119@n,187,1,15900.000
15121677@n,68,1,40900.000
15137266@n,17,1,31900.000
1514764033@g,79,1,94500.000
15150265@n,200,1,39600.000
151633180@n,147,1,31900.000
151684725@n,273,1,69100.000
151707389@n,86,1,35000.000
15172720@n,21,1,53300.000
151744616@n,159,1,34400.000
15176444@n,68,1,15900.000
15180351@n,252,1,28900.000
15189522@n,334,1,32660.000
151975174@n,323,1,30900.000
152022723@n,10,1,31300.000
152035344@n,320,1,30900.000
152158144@n,99,1,34400.000
152177099@n,110,1,115500.000
15238844@n,319,1,30900.000
152537863@n,232,1,34400.000
15258213@n,287,1,38133.000
152656836@n,301,1,17400.000
152682287@n,268,1,39700.000
152744214@n,17,1,31900.000
15279900@n,47,1,40900.000
15286258@n,263,1,20300.000
1529250671@g,16,1,40900.000
152942123@n,283,1,15400.000
15296754@n,158,1,112600.000
153156875@n,55,1,16900.000
15317817@n,153,1,47900.000
15328072@n,337,1,38900.000
153358533@n,350,1,28700.000
153488026@n,320,1,14739.000
153511651@n,41,1,37100.000
153588778@n,10,1,33900.000
153901761@n,10,4,108236.000
15410376@n,68,2,67710.000
154383803@n,283,1,15400.000
154469241@n,70,1,42800.000
1545067998@k,93,1,31400.000
1545188641@k,199,1,36900.000
1545667764@k,292,3,187856.000
1545727173@k,104,1,38700.000
1545975758@k,175,2,107666.000
154603243@n,181,1,36900.000
1546358740@k,192,1,40800.000
1546380837@k,133,1,39765.000
15464507@n,299,1,40700.000
1546747016@k,154,1,51800.000
1546756549@k,299,1,31900.000
1547194282@k,334,1,37777.000
15472641@n,67,1,32900.000
1547443160@k,92,2,72700.000
154744596@n,279,1,21800.000
1547535460@k,236,1,14400.000
1547559142@k,350,1,37700.000
1547747964@k,283,1,38070.000
1547868168@k,205,1,37700.000
1547913521@k,364,1,38900.000
1548363341@k,332,1,12900.000
1548612152@k,141,2,75083.000
1548693357@k,91,1,34700.000
154873712@n,96,1,35000.000
15487935@n,63,1,69990.000
1548832943@k,96,2,197000.000
15491233@n,16,2,87900.000
1549328947@k,41,2,51400.000
154950993@n,236,1,31500.000
1549684737@k,315,1,37315.000
1549688804@k,319,1,38000.000
1549931962@k,100,2,74600.000
1550426715@k,235,1,17400.000
1550452486@k,351,1,39158.000
1550521387@k,245,1,38500.000
1550736342@k,270,2,59500.000
1550760885@k,355,1,71500.000
1550887600@k,318,1,29900.000
1550903483@k,255,2,29300.000
1550906710@k,361,1,36400.000
1551288718@k,5,1,17900.000
1551540636@k,153,3,199970.000
1551577938@k,325,1,37379.000
1551747247@k,313,1,39545.000
1552263855@k,328,1,84700.000
1552741539@k,268,1,55800.000
1552892450@k,212,1,4500.000
1552914652@k,261,1,35700.000
1553610979@k,302,1,74800.000
1553848994@k,84,4,223363.000
1553917391@k,172,1,36400.000
155404123@n,324,1,48300.000
1554167764@k,178,1,37700.000
15548896@n,306,1,42433.000
1555218964@k,158,2,104851.000
1555397383@k,138,1,36900.000
1555480178@k,331,1,35800.000
1555557695@k,327,1,31900.000
1555601463@k,77,2,83342.000
1555759327@k,76,1,47300.000
1555867200@k,112,6,197952.000
1555885469@k,308,1,38900.000
1555946949@k,233,1,44400.000
155598088@n,218,2,73000.000
1556064961@k,139,2,81369.000
1556135085@k,68,2,89400.000
1556359789@k,15,6,249832.000
1556436684@k,249,1,72800.000
1556437438@k,9,1,41900.000
1556660534@k,232,1,34400.000
1556679260@k,175,1,20300.000
1556800394@k,10,1,35800.000
155687648@n,25,1,97500.000
1556905932@k,264,1,35700.000
1556977203@k,206,2,94002.000
1557118493@k,171,1,40700.000
1557203937@k,102,1,17400.000
1557215927@k,120,3,106833.000
15572814@n,295,1,26800.000
1557295577@k,250,1,79600.000
1557314389@k,53,2,59648.000
1557396228@k,316,1,38261.000
1557955954@k,89,1,48400.000
1557981987@k,342,1,35763.000
1558075527@k,20,2,119400.000
155851434@n,97,1,15400.000
1558668647@k,35,1,37068.000
1558808153@k,275,2,76304.000
1558853640@k,207,1,33500.000
1559326950@k,264,1,38700.000
1559378749@k,225,1,36900.000
1559562107@k,328,1,59634.000
1559657026@k,329,1,40700.000
1559678243@k,253,2,22500.000
155984038@n,162,2,76239.000
1559844808@k,236,2,73200.000
1559902637@k,159,2,76339.000
1560128868@k,73,1,41900.000
1560695000@k,179,2,63438.000
156091153@n,322,1,45579.000
1561046833@k,133,3,110704.000
1561258249@k,257,1,39668.000
1561348682@k,204,1,23000.000
1561390223@k,353,1,42066.000
1561509135@k,170,1,40700.000
15615280@n,83,1,16900.000
1561681367@k,355,1,32097.000
156168547@n,168,1,39300.000
1561766129@k,41,1,17300.000
1561828437@k,328,1,36600.000
1561870365@k,320,1,39900.000
156189325@n,112,1,37900.000
15620655@n,98,1,64800.000
15621372@n,264,1,39404.000
1562206958@k,350,1,39533.000
1562267027@k,313,1,29676.000
1562342384@k,72,3,202426.000
1562346461@k,240,1,37733.000
1562353534@k,327,1,42893.000
1562433137@k,5,1,39900.000
1562434385@k,44,5,271587.000
1562443036@k,315,1,54902.000
1562465604@k,327,1,43800.000
1562524147@k,98,1,32800.000
1562617392@k,105,1,40800.000
1562703637@k,104,2,72855.000
1562932641@k,13,3,106771.000
15629755@n,307,1,38700.000
1563078@n,315,1,32533.000
15631792@n,157,2,68900.000
1563507735@k,48,2,75734.000
1563618886@k,177,1,22300.000
1563661703@k,117,2,67496.000
15638878@n,96,1,48200.000
1563896730@k,193,1,38700.000
156390016@n,106,1,14900.000
1563987398@k,175,1,38900.000
1564043482@k,341,1,161792.000
1564146321@k,14,2,90443.000
156416529@n,244,1,38900.000
1564505395@k,282,1,65779.000
1564555738@k,48,1,48300.000
1564593833@k,360,1,38700.000
1564877597@k,344,1,38546.000
1565073395@k,250,1,17400.000
15653365@n,87,1,35000.000
15654206@n,314,1,41400.000
1565459678@k,346,1,49900.000
1565597302@k,257,1,46900.000
1565666136@k,142,1,45600.000
1565690137@k,319,1,38500.000
1565694670@k,125,1,40700.000
1565743265@k,306,1,113500.000
1565827683@k,333,1,39626.000
1566119676@k,270,1,38698.000
1566158195@k,327,1,38900.000
15666148@n,154,1,40700.000
1566642394@k,151,1,30800.000
1566856407@k,26,3,158857.000
1566859899@k,186,2,85493.000
15670869@n,85,1,44200.000
1567234134@k,116,1,36900.000
1567598990@k,13,1,90700.000
1567841801@k,263,1,33046.000
1568074761@k,328,1,11900.000
1568457108@k,185,1,41800.000
1568516091@k,184,1,115500.000
1568610499@k,227,1,42001.000
1568621915@k,97,1,36000.000
1568842431@k,223,1,38900.000
1568948162@k,236,1,28545.000
1568971569@k,333,1,43400.000
1569060782@k,112,4,298550.000
1569159587@k,198,2,68049.000
1569160726@k,263,1,38700.000
1569237858@k,7,2,47800.000
1569257601@k,245,1,14400.000
1569277918@k,14,1,14900.000
1569547554@k,161,1,34400.000
1569553715@k,170,1,35739.000
1569723618@k,96,1,90600.000
1570000981@k,300,1,51999.000
1570279324@k,309,1,17400.000
15703553@n,362,1,144628.000
1570394387@k,253,1,38700.000
1570448472@k,104,1,40700.000
1570785320@k,138,1,88800.000
1570887154@k,243,3,62215.000
1570933922@k,56,2,73600.000
1571084749@k,46,1,35400.000
1571233013@k,59,1,17900.000
1571234471@k,201,2,38689.000
157125993@n,315,1,30322.000
1571762396@k,153,2,106372.000
1572089754@k,117,1,37700.000
1572402436@k,84,1,36000.000
1572423412@k,97,1,34200.000
1572706324@k,238,1,38500.000
1572850096@g,71,1,38800.000
1572936543@k,154,1,49467.000
15730060@n,34,1,45800.000
1573054223@k,309,1,87645.000
1573503269@k,48,2,79600.000
1573522395@k,312,1,40700.000
1573784063@k,311,1,35904.000
157411157@n,345,1,44664.000
1574119430@k,10,5,192026.000
15741196@n,332,1,36400.000
1574163546@k,224,1,17400.000
1574600947@k,225,2,56100.000
1574696910@k,292,1,40800.000
1574789537@k,233,1,36900.000
1575147013@k,157,2,65784.000
1575407477@k,315,1,29900.000
1576776841@k,30,1,41900.000
1576806269@k,84,2,150272.000
15770925@n,75,2,77706.000
1577134959@k,346,1,38900.000
15779019@n,204,1,37339.000
1578097338@k,338,1,39101.000
1578352327@k,300,1,42336.000
1578363899@k,249,1,15400.000
1578726590@k,102,1,40800.000
157898496@n,328,1,13900.000
157906806@n,7,1,33900.000
157929812@n,70,1,40000.000
1579303219@k,84,1,32919.000
1579307589@k,84,2,85700.000
1579319156@k,105,5,54966.000
1579470032@k,8,1,40700.000
15807011@n,41,1,49700.000
1580798364@k,170,2,75128.000
15808889@n,48,1,77700.000
15809090@n,327,1,83593.000
1581087763@k,87,3,102028.000
1581651739@k,14,1,52600.000
1581918974@k,83,2,40200.000
1581982544@k,236,3,98330.000
1582249610@k,36,7,203573.000
1582422506@k,149,1,38500.000
158248736@n,11,1,86400.000
1582656232@k,323,1,28253.000
1583120345@k,6,1,52900.000
158320205@n,317,1,26800.000
1583405159@k,140,1,40700.000
1583492419@k,349,1,39300.000
158369881@n,218,1,13800.000
1584115274@k,154,1,43800.000
1584178685@k,26,2,35300.000
1584288577@k,151,2,74977.000
158443737@n,84,1,16100.000
1584896807@k,328,1,34800.000
1585028146@k,123,1,36900.000
1585133770@k,209,1,39638.000
1585706631@k,30,3,108717.000
1585750951@k,168,1,40700.000
1586061226@k,259,1,104100.000
158614291@n,327,1,82700.000
15863102@n,67,1,38800.000
158648368@n,316,1,27458.000
1586987628@k,212,1,40700.000
15870655@n,328,1,31100.000
1587103797@k,69,1,91500.000
1587383455@k,362,1,35498.000
158756576@n,22,1,42200.000
158763217@n,211,1,38900.000
1587638261@k,160,1,27500.000
1587686371@k,133,1,37700.000
1588046723@k,128,2,66280.000
1588062295@k,92,2,149293.000
1588341641@k,315,1,36842.000
1588427874@k,239,1,27900.000
1588616091@k,334,1,68600.000
158899355@n,272,1,64800.000
1589052633@k,95,1,36000.000
1589101205@k,96,2,70966.000
1589155334@k,105,4,107170.000
1589859015@k,343,1,69145.000
1589958073@k,361,1,36900.000
1590034083@k,329,1,38213.000
15900394@n,230,1,36900.000
1590092577@k,286,1,21300.000
1590131791@k,315,1,32000.000
15902015@n,266,1,38700.000
1590234911@k,181,1,28690.000
159048892@n,71,1,31800.000
1591094935@k,259,1,68804.000
15918785@n,147,2,69000.000
1592243228@k,291,1,76200.000
1592379092@k,288,1,39377.000
159256598@n,140,1,15400.000
15928022@n,86,1,35000.000
1593043833@k,74,3,114800.000
15931370@n,309,1,15400.000
1593180522@k,221,1,47900.000
1593197416@k,315,1,30900.000
1593460730@k,241,1,15900.000
1593481454@k,243,1,39700.000
1594132953@k,13,4,112247.000
1594237161@k,142,2,77400.000
1594282384@k,90,2,72317.000
159438788@n,283,1,37345.000
1594937172@k,255,1,35269.000
1594966443@k,355,1,37700.000
159508523@n,317,1,48285.000
159520434@n,63,1,31900.000
1595356800@k,118,1,17400.000
1595384655@k,319,1,44200.000
15954586@n,74,1,40000.000
1596146478@k,186,1,38700.000
1596713556@k,15,2,65600.000
1597231761@k,310,1,15900.000
1597410513@k,161,1,40700.000
1598386728@k,256,1,38900.000
1598970135@k,336,1,37700.000
1599062303@k,87,2,222700.000
1599546312@k,174,1,17400.000
16001705@n,195,2,67600.000
16002104@n,75,1,15900.000
16004505@n,84,2,67998.000
1600533926@k,314,1,42400.000
16006166@n,117,1,13800.000
1600623970@k,288,1,31792.000
1600664280@k,244,1,38700.000
16008975@n,353,1,29800.000
1600903591@k,216,1,36900.000
1600921502@k,82,2,67900.000
16013707@n,233,1,14500.000
16014271@n,345,1,43800.000
1601566262@k,35,3,146103.000
1601581487@k,48,1,39800.000
1602007783@k,318,1,11800.000
1602158407@k,180,1,38700.000
16022900@n,237,1,50439.000
160230466@n,344,1,49400.000
1602339573@k,131,1,79300.000
1602342670@k,245,2,77600.000
1602773618@k,88,1,113814.000
1602822079@k,364,1,38479.000
1603241746@k,158,2,71905.000
1603370456@k,321,1,13900.000
1603578991@k,146,1,27900.000
16036334@n,207,1,38700.000
1603660822@k,161,1,40800.000
1604522688@k,215,1,38900.000
1604775055@k,321,1,33100.000
1604955267@k,109,1,40872.000
16056610@n,18,2,133686.000
1606237095@k,196,1,40700.000
1606383326@k,349,1,40868.000
1606390434@k,275,1,37600.000
1606704293@k,226,1,74196.000
1606831142@k,246,1,40700.000
1606858490@k,277,1,66600.000
1606948874@k,87,2,69749.000
1607466318@k,37,2,77945.000
1607619365@k,170,1,40700.000
1608725058@k,122,1,35900.000
1608793667@k,319,1,27700.000
16089532@n,174,1,36500.000
1609087432@k,124,1,38862.000
1609425922@k,292,1,33500.000
1609863296@k,98,2,118061.000
1609889281@k,179,1,43800.000
1610204750@k,104,1,31800.000
1610321670@k,224,1,38700.000
1610444369@k,57,3,115674.000
1610698096@k,359,1,37745.000
161099321@n,74,1,39800.000
1611124025@k,6,3,94770.000
1612297702@k,132,1,17400.000
1612397768@k,333,1,44300.000
1612415530@k,274,1,31700.000
1612476277@k,184,1,36619.000
1613322484@k,293,1,35440.000
1613625607@k,147,2,71053.000
1613728977@k,364,1,17400.000
16147829@n,326,1,35700.000
16149160@n,203,1,40700.000
1615147980@k,174,4,130963.000
1615483060@k,102,2,76118.000
1615826600@k,362,1,106650.000
16160290@n,74,1,39400.000
1616035222@k,184,1,36900.000
1616323966@k,96,1,34839.000
1616470824@k,122,1,49900.000
1616524712@k,145,1,40700.000
1616760596@k,280,1,14400.000
16168824@n,145,1,15400.000
1617259399@k,286,1,37700.000
1617343066@k,51,2,69000.000
1617395371@k,243,1,17400.000
1617506177@k,15,2,83795.000
1617554614@k,197,1,19500.000
1617868751@k,124,3,87500.000
1618446829@k,171,1,37700.000
16184727@n,295,1,43600.000
161853994@n,39,4,122089.000
1619930966@k,136,2,93529.000
1620214927@k,161,2,207528.000
1620908878@k,122,1,40700.000
16211741@n,328,1,10900.000
16216052@n,77,1,17900.000
1621765993@k,152,1,35800.000
16218874@n,65,1,16900.000
1622000843@k,292,1,29808.000
16225844@n,267,2,136000.000
162344055@n,328,1,30900.000
16234619@n,264,1,39800.000
162371108@n,324,1,30900.000
1624359794@k,339,1,26000.000
1624670279@k,237,1,42500.000
1625078270@k,118,1,40700.000
1625515661@k,44,1,39800.000
1625802233@k,315,1,81700.000
1625921906@k,109,1,36400.000
1626259247@k,225,2,68379.000
16263645@n,68,1,40900.000
1626552664@k,251,1,15900.000
1626988246@k,41,2,67272.000
1627580002@k,107,3,109600.000
1627765396@k,253,1,36297.000
1627783110@k,114,1,38700.000
1627825700@k,191,1,37800.000
16278713@n,287,1,39539.000
1627968623@k,335,1,36900.000
1628083678@k,104,1,37700.000
1628126910@k,327,1,28700.000
1628173953@k,210,1,34400.000
1628639504@k,106,1,35900.000
1628697478@k,71,5,173341.000
1628767513@k,205,1,36900.000
16297585@n,99,1,36900.000
1630057294@k,140,2,130340.000
1630346176@k,287,1,40700.000
1630355031@k,216,1,12900.000
1630594719@k,265,1,39284.000
1631021460@k,258,1,31900.000
1631200618@k,146,1,39999.000
1631297415@k,157,1,14400.000
1631427870@k,268,1,40300.000
1631430192@k,217,2,76978.000
16316352@n,45,2,86525.000
1631646819@k,223,1,17400.000
1631985829@k,169,1,38900.000
1632573927@k,91,1,36000.000
1632914172@k,37,1,37700.000
1633112061@k,205,2,67643.000
1633200419@k,332,1,39608.000
1633515717@k,231,2,66798.000
1633821023@k,245,1,17400.000
163415963@n,49,1,27800.000
1634297246@k,289,2,73800.000
1634582859@k,102,1,40700.000
1634660158@k,75,2,80300.000
1635157584@k,100,1,113166.000
1635678072@k,302,1,38700.000
1635968598@k,320,1,38402.000
1636099636@k,357,1,37700.000
1636403481@k,178,3,99270.000
1636695406@k,313,2,71710.000
163672336@n,270,2,68600.000
1636802445@k,77,3,113089.000
1636923216@k,270,1,38700.000
1637046295@k,189,1,17400.000
1637526824@k,90,3,81237.000
1637657080@k,346,1,15900.000
1637814966@k,304,1,17400.000
1638011997@k,139,1,40700.000
1638286409@k,105,2,75269.000
1638297084@k,97,2,117455.000
1638349440@k,17,3,87200.000
16384178@n,293,1,23000.000
1638560827@k,315,1,13900.000
163918759@n,50,1,110500.000
1639262960@k,263,1,30733.000
1639310409@k,114,1,38500.000
164009819@n,243,1,38366.000
16405234@n,229,3,136215.000
1640570551@k,94,2,69900.000
1640616856@k,340,1,37700.000
164064704@n,359,1,38700.000
1640679111@k,190,2,73514.000
16410547@n,157,1,36900.000
1641101290@k,201,1,38900.000
1641562732@k,245,1,38500.000
1641591205@k,116,1,40700.000
1641737132@k,153,1,40700.000
164214237@n,150,1,39569.000
1642454565@k,37,2,43783.000
1643142009@k,73,1,47912.000
1643373222@k,204,1,37700.000
1643804256@k,352,1,50900.000
1644152776@k,125,1,15900.000
1644561855@k,152,1,37700.000
1644588011@k,296,2,54804.000
1644611823@k,51,2,94669.000
164463741@n,4,2,107396.000
1644831676@k,239,2,79701.000
16455275@n,215,1,17800.000
1645661673@k,299,1,35988.000
1645678098@k,104,1,27948.000
1645786186@k,35,3,112555.000
1645806354@k,139,2,74104.000
1645974811@k,184,1,37700.000
16460405@n,178,1,28300.000
164604529@n,183,1,40700.000
1646173803@k,11,1,43800.000
1646189670@k,289,1,79600.000
16465553@n,218,1,39005.000
1647401966@k,134,1,40700.000
1647548785@k,31,1,41000.000
1647571367@k,362,1,13617.000
16476205@n,87,1,35000.000
1648200362@k,283,1,43298.000
1648741137@k,98,3,95308.000
1649346113@k,43,1,40400.000
1649843094@k,225,1,38700.000
1649847447@k,71,3,132375.000
16499773@n,325,1,30900.000
1650586939@k,293,1,37679.000
1650798620@k,190,1,40700.000
1650895846@k,237,2,66195.000
1651243621@k,289,1,34641.000
1651967452@k,196,1,45600.000
1651969644@k,5,1,41900.000
165211538@n,1,3,85136.000
1652251128@k,44,2,70012.000
16523953@n,87,1,35000.000
1652644135@k,202,1,35900.000
1652919345@k,97,3,102600.000
1653000950@k,351,1,43981.000
165322889@n,53,1,28900.000
1653254629@k,216,2,73800.000
1653374317@k,113,1,49900.000
1653559991@k,359,1,40700.000
1653651239@k,258,1,40501.000
1653685594@k,182,1,8900.000
16538876@n,67,1,40900.000
1654232344@k,306,1,28800.000
1654297689@k,189,2,66813.000
1654426544@k,9,1,42700.000
1655089969@k,230,1,46300.000
1655459902@k,362,1,36847.000
1656299385@k,249,1,35690.000
1656509772@k,151,2,73971.000
1656548257@k,321,1,47533.000
1656665775@k,106,2,54800.000
1656768323@k,315,1,35800.000
1656902118@k,349,1,125700.000
1657646569@k,233,1,36900.000
1658036690@k,203,1,47900.000
165847438@n,139,1,42500.000
1658667356@k,185,2,122680.000
1659013710@k,182,1,40700.000
1659512814@k,232,1,34386.000
1661512384@k,5,1,31679.000
1661606730@k,61,1,60119.000
1661896389@k,208,1,40700.000
16619657@n,162,1,35000.000
1662019987@k,243,1,39000.000
16620320@n,9,1,15900.000
1662226422@k,279,1,39479.000
166227879@n,317,1,57600.000
1662530444@k,258,2,45800.000
16626406@n,19,2,82500.000
16627953@n,107,2,68600.000
1662984762@k,327,1,26900.000
1663179797@k,192,1,22300.000
1663815910@k,97,1,113000.000
1664376703@k,364,1,38700.000
166474021@n,104,2,72935.000
1664947327@k,341,1,14400.000
166505161@n,15,1,39400.000
1665077930@k,223,1,67379.000
1665101702@k,158,1,75800.000
16651227@n,29,1,16900.000
1666008559@k,327,1,32900.000
16664374@n,250,1,36900.000
1666464117@k,166,1,37500.000
1667033584@k,72,3,122600.000
16672664@n,359,1,27300.000
1667432298@k,188,1,19300.000
1667490341@k,245,1,114339.000
1667547939@k,153,2,34621.000
1668416579@k,237,2,70334.000
1668500912@k,53,2,65899.000
1668724751@k,77,2,77836.000
1668850842@k,149,1,38900.000
1669061610@k,268,1,113333.000
1669072976@k,279,1,34999.000
1669262156@k,97,1,116500.000
1669304749@k,197,2,68546.000
1669342422@k,250,1,42500.000
16694041@n,280,1,113500.000
1669424088@k,258,1,46900.000
16696801@n,307,3,53406.000
1669708994@k,272,1,40700.000
1669956112@k,214,1,36900.000
1670152800@k,53,1,41900.000
1670769358@k,82,1,15500.000
16707895@n,39,1,16300.000
1670928859@k,333,1,16323.000
1671351599@k,166,1,38900.000
1671930916@k,300,1,33400.000
1671976157@k,166,2,49644.000
1672233637@k,86,2,64156.000
16722901@n,336,1,14400.000
1672496094@k,147,1,31900.000
1672692521@k,328,1,32900.000
1672733816@k,110,3,49200.000
16727591@n,5,1,40000.000
1673375836@k,119,1,37700.000
1673574563@k,259,1,40700.000
167484545@n,14,1,48800.000
1675435747@k,242,2,40908.000
1675718771@k,354,1,36700.000
1675918086@k,184,1,39694.000
1676136247@k,252,1,37700.000
1676345@n,29,1,40900.000
1676483392@k,188,1,37700.000
167664977@n,295,1,33500.000
16769384@n,106,1,15400.000
1677352920@k,29,3,110371.000
1677385682@k,128,1,42200.000
1677533597@k,157,1,64300.000
1677654289@k,356,1,38700.000
1677737222@k,47,1,38900.000
16778178@n,28,1,40900.000
167881160@n,131,2,32300.000
1679145373@k,197,1,17400.000
1679148623@k,248,1,27900.000
1679518454@k,214,1,36900.000
1679601139@k,142,1,38900.000
1679791533@k,35,2,78281.000
168032243@n,58,1,41900.000
16806601@n,349,1,39999.000
1681015259@k,327,1,26129.000
168186237@n,159,1,29900.000
16819944@n,298,1,28300.000
1682278945@k,344,1,37900.000
1682381594@k,104,1,33700.000
1683039003@k,182,3,99480.000
16830591@n,31,1,38800.000
1683570858@k,95,1,33834.000
1684277110@k,363,1,12900.000
1685095283@k,306,1,38700.000
1685465834@k,126,1,40700.000
168548031@n,343,1,13194.000
1686089608@k,225,2,44329.000
168651009@n,48,1,13900.000
1686641828@k,6,2,85758.000
168694071@n,150,1,38800.000
1687023194@k,181,1,14400.000
1687124363@k,315,1,39300.000
16882954@n,28,2,31800.000
1688369608@k,116,2,72633.000
1688447260@k,112,1,38900.000
16885367@n,328,1,39900.000
16887768@n,40,1,42100.000
1688824559@k,112,3,99325.000
1688915989@k,77,2,80085.000
1688941153@k,104,1,34323.000
1688976062@k,247,1,39000.000
1689088606@k,131,2,75452.000
1689420777@k,233,5,162638.000
16895668@n,228,1,38700.000
168988600@n,106,1,40700.000
1690095638@k,197,2,72530.000
16902744@n,236,1,37700.000
1690358923@k,344,1,37582.000
16907687@n,127,2,71700.000
169106830@n,76,1,30300.000
1691098782@k,278,1,40700.000
16916333@n,302,1,34733.000
1692397548@k,43,1,60200.000
1692594707@k,244,1,19800.000
1693045322@k,325,1,83332.000
1693048155@k,146,1,39639.000
1693596482@k,9,2,83500.000
169381404@n,40,1,38100.000
1694085522@k,84,1,113906.000
1694089105@k,116,1,35900.000
1694830013@k,354,1,92910.000
1694942032@k,112,1,39300.000
1694961776@k,175,1,40700.000
1695004785@k,0,1,62800.000
1695045336@k,111,1,62300.000
1695073547@k,269,1,39479.000
1695108835@k,184,1,35885.000
1695129429@k,315,1,29900.000
1695150133@k,201,1,40700.000
1695265820@k,319,1,16800.000
16952697@n,195,2,93764.000
1695511518@k,46,4,127276.000
1695769649@k,215,1,37900.000
1695985847@k,247,1,65400.000
16960654@n,331,1,38700.000
1696274214@k,42,2,70210.000
1696311422@k,77,3,102108.000
1696929647@k,267,1,32800.000
1697307622@k,119,2,67700.000
169754502@n,71,1,15900.000
1697583416@k,30,3,128556.000
1697925542@k,112,1,35900.000
1698118527@k,285,1,6084.000
1698267492@k,24,2,86500.000
1698294806@k,30,1,17900.000
1698400631@k,315,1,4517.000
16984467@n,31,1,16900.000
1698912715@k,198,1,66600.000
1699106358@k,173,1,30900.000
1699211505@k,61,3,98335.000
169943697@n,98,1,35500.000
169947177@n,82,1,30100.000
170012106@n,86,1,33200.000
1700257307@k,311,1,71400.000
1700278016@k,258,1,32700.000
1701535786@k,269,1,37700.000
1701550541@k,319,1,31945.000
1701659445@k,265,1,39545.000
1701969102@k,83,2,74700.000
1701974869@k,319,1,39400.000
1702031609@k,90,1,34930.000
1702045332@k,131,2,89542.000
17021634@n,28,1,16900.000
1702171856@k,322,1,12513.000
1702533099@k,88,3,215967.000
1702572113@k,316,2,71009.000
170286200@n,284,1,38700.000
1703083360@k,353,1,39700.000
1703676232@k,90,2,155805.000
1704322752@k,104,1,38700.000
17043879@n,258,1,39800.000
170487869@n,295,1,38400.000
1705163686@k,5,2,87169.000
1705173606@k,270,1,37700.000
1705697227@k,201,1,33400.000
1705859999@k,78,2,79279.000
17060532@n,121,3,190486.000
1706124727@k,334,1,38700.000
1706674929@k,214,1,42708.000
1706700232@k,269,1,38533.000
1707096210@k,209,4,102115.000
1707675094@k,325,1,9794.000
17090814@g,88,1,16100.000
17091466@n,231,1,39479.000
1709274319@k,125,1,39569.000
17097559@n,87,1,35000.000
1709791890@k,264,2,29049.000
1709824088@k,116,2,80000.000
17099807@n,87,1,35000.000
17100315@n,117,1,49900.000
1710060506@k,304,1,36969.000
17100950@n,272,1,37604.000
171027318@n,331,1,62052.000
1710368292@k,349,1,20300.000
1710487209@k,17,2,75400.000
1710549045@k,35,3,107692.000
1710807829@k,14,4,143625.000
1711026172@k,306,1,38696.000
1711280946@k,292,1,13900.000
1711749579@k,179,1,32700.000
1711750607@k,320,1,29500.000
1711755914@k,356,1,38700.000
1711757702@k,294,1,35900.000
1711759527@k,33,1,19900.000
1711829622@k,346,1,40700.000
1711848970@k,300,1,38700.000
1711855700@k,239,1,49900.000
1711858435@k,175,1,32800.000
171198142@n,16,1,37900.000
17120552@n,175,1,38966.000
1712124266@k,293,1,40333.000
1712690251@k,191,3,99199.000
1712887168@k,328,1,15900.000
1712893674@k,71,2,91400.000
171294347@n,84,1,35000.000
1713106395@k,139,2,56700.000
1713399022@k,160,3,83400.000
1713406329@k,8,2,81548.000
171360522@n,320,1,46200.000
1713874925@k,328,1,55609.000
1714107486@k,96,1,31400.000
1714140014@k,265,1,35308.000
1714320560@k,201,1,39374.000
1714418658@k,62,1,50300.000
1714686240@k,84,1,46900.000
1714781435@k,349,1,38900.000
1714785239@k,234,1,37389.000
1714844156@k,96,1,113875.000
1714924533@k,360,1,14900.000
1715017985@k,327,1,39663.000
1715285352@k,63,4,180812.000
1715543040@k,87,2,71599.000
1715655075@k,84,3,176100.000
1715966131@k,236,1,34700.000
1716017810@k,229,1,40700.000
1716066735@k,235,1,37829.000
1716411667@k,103,1,37240.000
1716461713@k,296,2,81630.000
1716701147@k,34,1,31800.000
1716840564@k,289,1,15821.000
1716976168@k,97,1,36000.000
1717184722@k,225,1,39700.000
1717251631@k,347,1,38700.000
1717260888@k,301,2,80600.000
171734213@n,160,1,37772.000
1717674157@k,216,1,47300.000
1717686592@k,173,1,35308.000
1717779021@k,214,1,37745.000
1717814264@k,338,1,28076.000
1717904677@k,315,1,80521.000
171810740@n,223,1,40000.000
1718253181@k,303,1,12900.000
1718315363@k,214,1,38900.000
1718632207@k,139,2,67753.000
1719067219@k,45,1,14900.000
171910221@n,87,1,16100.000
1719199853@k,328,1,78700.000
1719209502@k,180,1,38925.000
1719222921@k,264,1,40371.000
1719529970@k,188,1,27900.000
1719706866@k,156,2,89832.000
171973011@n,354,1,18400.000
1719782592@k,53,2,92772.000
17200508@n,18,1,38900.000
1720274289@k,82,2,79600.000
172049024@n,236,2,77747.000
1720858134@k,128,1,115500.000
1721080806@k,357,1,49400.000
1721091942@k,251,1,30900.000
1721255892@k,356,1,38926.000
1721641538@k,280,1,33400.000
1721843722@k,103,1,36479.000
1721918787@k,122,1,40700.000
1722001147@k,250,2,39023.000
172200863@n,132,2,83562.000
1722665147@k,63,2,86434.000
1722797387@k,48,3,78700.000
1722865348@k,313,1,17400.000
1723136749@k,76,1,30000.000
1723208962@k,70,1,17900.000
1723438205@k,20,1,41000.000
172390868@n,263,1,34400.000
1724430658@k,113,1,17400.000
17249688@n,86,1,33200.000
1724980199@k,327,1,39300.000
1725086775@k,246,1,39569.000
1725176113@k,214,2,63903.000
1725550081@k,64,3,121887.000
172563142@n,224,1,19500.000
1725790468@k,228,1,38900.000
1725929493@k,133,1,39569.000
1726569459@k,315,1,31769.000
1726785306@k,122,2,74272.000
17269319@n,316,1,81569.000
172715920@n,32,1,15900.000
17271752@n,110,2,77800.000
1727227694@k,316,1,56600.000
1727249759@k,272,1,43222.000
1727375270@k,320,1,28518.000
1727589746@k,84,1,36000.000
1727625687@k,184,1,54423.000
1727720585@k,89,1,36000.000
1727975668@k,189,1,37500.000
1728054446@k,336,1,35500.000
1728092455@k,97,1,33369.000
172850534@n,363,1,35500.000
172864974@n,35,1,16300.000
172895527@n,272,2,73185.000
1729214539@k,190,1,38000.000
1729340982@k,292,1,47900.000
1729659117@k,337,1,37800.000
1729808306@k,332,1,38700.000
1730114522@k,161,2,49200.000
1730178713@k,158,1,38900.000
1730345711@k,117,1,39569.000
1730361990@k,134,1,40700.000
1730583176@k,151,1,33800.000
1731089543@k,292,1,39593.000
17311504@n,250,1,125700.000
1731394905@k,129,1,17400.000
1731539321@k,212,2,72336.000
1731607516@k,327,1,42700.000
1731660407@k,209,1,38675.000
1731712589@k,225,1,31800.000
1731885281@k,57,3,113353.000
1731983558@k,262,1,13366.000
173205586@n,84,1,35000.000
1732060077@k,2,2,72400.000
173236193@n,35,2,57658.000
173296240@n,357,1,38700.000
173296984@n,7,1,59800.000
1733620390@k,237,1,32700.000
17337239@n,355,1,34400.000
1733963936@k,327,1,38400.000
1733984580@k,266,2,65790.000
173407645@n,120,2,120300.000
17341558@n,50,1,38800.000
17345323@n,354,1,39300.000
1734666143@k,328,1,30700.000
1734689855@k,189,1,36435.000
17347514@n,301,1,37539.000
1734845717@k,220,1,39200.000
1734909187@k,111,1,31016.000
1735046197@k,127,2,58200.000
1735061004@k,355,1,40700.000
1735161993@k,104,2,76400.000
173524789@n,152,1,37500.000
1735296899@k,154,1,40800.000
1735489787@k,200,3,46629.000
1735523234@k,224,1,34481.000
1735816036@k,230,2,73645.000
1735893653@k,133,1,39700.000
1736249506@k,340,1,35500.000
1736260152@k,356,1,40800.000
17364440@n,231,1,113749.000
1736564518@k,226,1,37739.000
17366240@n,222,1,49900.000
1736678305@k,358,1,37700.000
1736992725@k,324,1,30900.000
1737113402@k,343,1,37700.000
1737173301@k,315,1,30900.000
1737347092@k,183,1,36605.000
17377813@n,139,1,48400.000
1737805347@k,267,1,30800.000
1737845921@k,327,1,32900.000
1737931542@k,77,1,39800.000
1738070284@k,306,1,27900.000
1738087825@k,275,1,12900.000
1738203754@k,176,1,27300.000
1738508030@k,161,1,39606.000
173858300@n,163,1,89300.000
173892524@n,132,1,43600.000
1738987059@k,118,3,117474.000
1739021805@k,335,1,34400.000
1739301021@k,328,1,29769.000
1739304987@k,154,1,32800.000
1739610803@k,317,1,31835.000
1739652012@k,327,1,72390.000
1739677781@k,175,1,37094.000
1739888065@k,303,1,15900.000
1739915642@k,308,1,38500.000
1739957203@k,173,2,69269.000
173995848@n,75,4,163000.000
1740259363@k,267,1,44490.000
1740579336@k,290,1,14400.000
1740614266@k,22,1,44800.000
