runrfm.py,INFO,20230302111843-1805,RFM ANALYSIS STARTED,2023-03-02 11:18:43
runrfm.py,INFO,20230302111843-9673,GET RFM DATA,2023-03-02 11:18:43
runrfm.py,INFO,20230302112110-4270,CLUSTERING,2023-03-02 11:21:10
runrfm.py,INFO,20230302112136-1055,ANALYZING,2023-03-02 11:21:36
runrfm.py,INFO,20230302112142-234,PLOT RFM,2023-03-02 11:21:42
runrfm.py,INFO,20230302112145-7168,UPLOAD RFM DATA TO MARIADB,2023-03-02 11:21:45
runrfm.py,INFO,20230302112145-7075,GET RFM DATA,2023-03-02 11:21:45
runrfm.py,INFO,20230302112414-9851,CLUSTERING,2023-03-02 11:24:14
runrfm.py,INFO,20230302112440-8490,ANALYZING,2023-03-02 11:24:40
runrfm.py,INFO,20230302112447-8756,PLOT RFM,2023-03-02 11:24:47
runrfm.py,INFO,20230302112450-5085,UPLOAD RFM DATA TO MARIADB,2023-03-02 11:24:50
runrfm.py,INFO,20230302112450-7281,GET RFM DATA,2023-03-02 11:24:50
runrfm.py,INFO,20230302112701-6859,CLUSTERING,2023-03-02 11:27:01
runrfm.py,INFO,20230302112726-897,ANALYZING,2023-03-02 11:27:26
runrfm.py,INFO,20230302112732-9641,PLOT RFM,2023-03-02 11:27:32
runrfm.py,INFO,20230302112734-162,UPLOAD RFM DATA TO MARIADB,2023-03-02 11:27:34
runrfm.py,INFO,20230302112735-5039,GET RFM DATA,2023-03-02 11:27:35
runrfm.py,INFO,20230302112924-6697,CLUSTERING,2023-03-02 11:29:24
runrfm.py,INFO,20230302112957-2123,ANALYZING,2023-03-02 11:29:57
runrfm.py,INFO,20230302113004-5700,PLOT RFM,2023-03-02 11:30:04
runrfm.py,INFO,20230302113008-2198,UPLOAD RFM DATA TO MARIADB,2023-03-02 11:30:08
runrfm.py,INFO,20230302113008-2526,GET RFM DATA,2023-03-02 11:30:08
runrfm.py,INFO,20230302113212-4047,CLUSTERING,2023-03-02 11:32:12
runrfm.py,INFO,20230302113245-9521,ANALYZING,2023-03-02 11:32:45
runrfm.py,INFO,20230302113252-999,PLOT RFM,2023-03-02 11:32:52
runrfm.py,INFO,20230302113255-7046,UPLOAD RFM DATA TO MARIADB,2023-03-02 11:32:55
runrfm.py,INFO,20230302113255-7269,RFM ANALYSIS FINISHED,2023-03-02 11:32:55
