cafe24.py,INFO,20230307163554-560,GET CAFE24 DATA,2023-03-07 16:35:54
cafe24.py,INFO,20230307171033-7902,UPLOAD DATA TO MARIADB,2023-03-07 17:10:33
cafe24.py,INFO,20230307171111-6929,A LOOP FINISHED,2023-03-07 17:11:11
cafe24.py,INFO,20230307171211-5031,GET CAFE24 DATA,2023-03-07 17:12:11
cafe24.py,INFO,20230307174643-3470,UPLOAD DATA TO MARIADB,2023-03-07 17:46:43
cafe24.py,INFO,20230307174738-3869,A LOOP FINISHED,2023-03-07 17:47:38
cafe24.py,INFO,20230307174839-2558,GET CAFE24 DATA,2023-03-07 17:48:39
cafe24.py,INFO,20230307182213-4774,UPLOAD DATA TO MARIADB,2023-03-07 18:22:13
cafe24.py,INFO,20230307182251-3034,A LOOP FINISHED,2023-03-07 18:22:51
cafe24.py,INFO,20230307182351-4834,GET CAFE24 DATA,2023-03-07 18:23:51
cafe24.py,INFO,20230307185653-6550,UPLOAD DATA TO MARIADB,2023-03-07 18:56:53
cafe24.py,INFO,20230307185731-1675,A LOOP FINISHED,2023-03-07 18:57:31
cafe24.py,INFO,20230307185831-3008,GET CAFE24 DATA,2023-03-07 18:58:31
cafe24.py,INFO,20230307193130-2578,UPLOAD DATA TO MARIADB,2023-03-07 19:31:30
cafe24.py,INFO,20230307193208-4793,A LOOP FINISHED,2023-03-07 19:32:08
cafe24.py,INFO,20230307193308-8152,GET CAFE24 DATA,2023-03-07 19:33:08
cafe24.py,INFO,20230307200601-6255,UPLOAD DATA TO MARIADB,2023-03-07 20:06:01
cafe24.py,INFO,20230307200639-6655,A LOOP FINISHED,2023-03-07 20:06:39
cafe24.py,INFO,20230307200739-4370,GET CAFE24 DATA,2023-03-07 20:07:39
cafe24.py,INFO,20230307204037-4552,UPLOAD DATA TO MARIADB,2023-03-07 20:40:37
cafe24.py,INFO,20230307204115-9105,A LOOP FINISHED,2023-03-07 20:41:15
cafe24.py,INFO,20230307204215-6633,GET CAFE24 DATA,2023-03-07 20:42:15
cafe24.py,INFO,20230307211506-1874,UPLOAD DATA TO MARIADB,2023-03-07 21:15:06
cafe24.py,INFO,20230307211545-4943,A LOOP FINISHED,2023-03-07 21:15:45
cafe24.py,INFO,20230307211645-3209,GET CAFE24 DATA,2023-03-07 21:16:45
cafe24.py,INFO,20230307214936-6921,UPLOAD DATA TO MARIADB,2023-03-07 21:49:36
cafe24.py,INFO,20230307215014-7181,A LOOP FINISHED,2023-03-07 21:50:14
cafe24.py,INFO,20230307215114-3045,GET CAFE24 DATA,2023-03-07 21:51:14
cafe24.py,INFO,20230308051922-2360,UPLOAD DATA TO MARIADB,2023-03-08 05:19:22
cafe24.py,INFO,20230308052000-4875,A LOOP FINISHED,2023-03-08 05:20:00
cafe24.py,INFO,20230308052100-4654,GET CAFE24 DATA,2023-03-08 05:21:00
cafe24.py,INFO,20230308055351-9118,UPLOAD DATA TO MARIADB,2023-03-08 05:53:51
cafe24.py,INFO,20230308055430-6461,A LOOP FINISHED,2023-03-08 05:54:30
cafe24.py,INFO,20230308055530-8326,GET CAFE24 DATA,2023-03-08 05:55:30
cafe24.py,INFO,20230308062805-9516,UPLOAD DATA TO MARIADB,2023-03-08 06:28:05
cafe24.py,INFO,20230308062843-9090,A LOOP FINISHED,2023-03-08 06:28:43
cafe24.py,INFO,20230308062943-9364,GET CAFE24 DATA,2023-03-08 06:29:43
cafe24.py,INFO,20230308070226-2461,UPLOAD DATA TO MARIADB,2023-03-08 07:02:26
cafe24.py,INFO,20230308070304-3275,A LOOP FINISHED,2023-03-08 07:03:04
cafe24.py,INFO,20230308070404-1698,GET CAFE24 DATA,2023-03-08 07:04:04
cafe24.py,INFO,20230308073644-1801,UPLOAD DATA TO MARIADB,2023-03-08 07:36:44
cafe24.py,INFO,20230308073722-2865,A LOOP FINISHED,2023-03-08 07:37:22
cafe24.py,INFO,20230308073822-8591,GET CAFE24 DATA,2023-03-08 07:38:22
cafe24.py,INFO,20230308081108-2090,UPLOAD DATA TO MARIADB,2023-03-08 08:11:08
cafe24.py,INFO,20230308081146-2677,A LOOP FINISHED,2023-03-08 08:11:46
cafe24.py,INFO,20230308081246-1686,GET CAFE24 DATA,2023-03-08 08:12:46
cafe24.py,INFO,20230308084547-4619,UPLOAD DATA TO MARIADB,2023-03-08 08:45:47
cafe24.py,INFO,20230308084626-4557,A LOOP FINISHED,2023-03-08 08:46:26
cafe24.py,INFO,20230308084726-3804,GET CAFE24 DATA,2023-03-08 08:47:26
cafe24.py,INFO,20230308092035-3495,UPLOAD DATA TO MARIADB,2023-03-08 09:20:35
cafe24.py,INFO,20230308092114-7664,A LOOP FINISHED,2023-03-08 09:21:14
cafe24.py,INFO,20230308092214-6694,GET CAFE24 DATA,2023-03-08 09:22:14
cafe24.py,INFO,20230308095529-5121,UPLOAD DATA TO MARIADB,2023-03-08 09:55:29
cafe24.py,INFO,20230308095607-1890,A LOOP FINISHED,2023-03-08 09:56:07
cafe24.py,INFO,20230308095708-8501,GET CAFE24 DATA,2023-03-08 09:57:08
